[{"w":6,"h":3,"content":"<i class=\"fas fa-xmark dashboard-widget-x\" data-id=\"120242\"></i><div class=\"embedded-preview embedded-webEndpoint\"><div class=\"embedded-preview-title\">Web Endpoint: client</div><div>View here: <a target=\"_blank\" href=\"../../cn/client\">client</a></div></div>","id":"120242","name":"client","type":"webEndpoint","generate":true,"x":0,"y":0},{"w":6,"content":"<i class=\"fas fa-xmark dashboard-widget-x\" data-id=\"120245\"></i><div class=\"embedded-preview embedded-webEndpoint\"><div class=\"embedded-preview-title\">Web Endpoint: attachments</div><div>View here: <a target=\"_blank\" href=\"../../cn/attachments\">attachments</a></div></div>","id":"120245","name":"attachments","type":"webEndpoint","generate":true,"x":6,"y":0},{"w":6,"content":"<i class=\"fas fa-xmark dashboard-widget-x\" data-id=\"120244\"></i><div class=\"embedded-preview embedded-webEndpoint\"><div class=\"embedded-preview-title\">Web Endpoint: notes</div><div>View here: <a target=\"_blank\" href=\"../../cn/notes\">notes</a></div></div>","id":"120244","name":"notes","type":"webEndpoint","generate":true,"x":6,"y":1},{"w":6,"content":"<i class=\"fas fa-xmark dashboard-widget-x\" data-id=\"120246\"></i><div class=\"embedded-preview embedded-webEndpoint\"><div class=\"embedded-preview-title\">Web Endpoint: upcoming-payments</div><div>View here: <a target=\"_blank\" href=\"../../cn/upcoming-payments\">upcoming-payments</a></div></div>","id":"120246","name":"upcoming-payments","type":"webEndpoint","generate":true,"x":6,"y":2},{"w":6,"content":"<i class=\"fas fa-xmark dashboard-widget-x\" data-id=\"120214\"></i><div class=\"embedded-preview embedded-webEndpoint\"><div class=\"embedded-preview-title\">Web Endpoint: send-message</div><div>View here: <a target=\"_blank\" href=\"../../cn/send-message\">send-message</a></div></div>","id":"120214","name":"send-message","type":"webEndpoint","generate":true,"x":0,"y":3},{"w":6,"content":"<i class=\"fas fa-xmark dashboard-widget-x\" data-id=\"120241\"></i><div class=\"embedded-preview embedded-webEndpoint\"><div class=\"embedded-preview-title\">Web Endpoint: schedule-message</div><div>View here: <a target=\"_blank\" href=\"../../cn/schedule-message\">schedule-message</a></div></div>","id":"120241","name":"schedule-message","type":"webEndpoint","generate":true,"x":6,"y":3},{"w":12,"content":"<i class=\"fas fa-xmark dashboard-widget-x\" data-id=\"policy\"></i><div class=\"embedded-preview embedded-table\"><div class=\"embedded-preview-title\">Table: policy</div><div>View here: <a target=\"_blank\" href=\"../../policy/all\">policy</a></div></div>","id":"policy","type":"table","generate":true,"x":0,"y":4},{"w":12,"content":"<i class=\"fas fa-xmark dashboard-widget-x\" data-id=\"120212\"></i><div class=\"embedded-preview embedded-webEndpoint\"><div class=\"embedded-preview-title\">Web Endpoint: calendar</div><div>View here: <a target=\"_blank\" href=\"../../cn/calendar\">calendar</a></div></div>","id":"120212","name":"calendar","type":"webEndpoint","generate":true,"x":0,"y":5}]