[{"w":6,"h":3,"content":"<i class=\"fas fa-xmark dashboard-widget-x\" data-id=\"120243\"></i><div class=\"embedded-preview embedded-webEndpoint\"><div class=\"embedded-preview-title\">Web Endpoint: policy</div><div>View here: <a target=\"_blank\" href=\"../../cn/policy\">policy</a></div></div>","id":"120243","name":"policy","type":"webEndpoint","generate":true,"x":0,"y":0},{"w":6,"content":"<i class=\"fas fa-xmark dashboard-widget-x\" data-id=\"120244\"></i><div class=\"embedded-preview embedded-webEndpoint\"><div class=\"embedded-preview-title\">Web Endpoint: notes</div><div>View here: <a target=\"_blank\" href=\"../../cn/notes\">notes</a></div></div>","id":"120244","name":"notes","type":"webEndpoint","generate":true,"x":6,"y":0},{"w":6,"content":"<i class=\"fas fa-xmark dashboard-widget-x\" data-id=\"120245\"></i><div class=\"embedded-preview embedded-webEndpoint\"><div class=\"embedded-preview-title\">Web Endpoint: attachments</div><div>View here: <a target=\"_blank\" href=\"../../cn/attachments\">attachments</a></div></div>","id":"120245","name":"attachments","type":"webEndpoint","generate":true,"x":6,"y":1},{"w":6,"content":"<i class=\"fas fa-xmark dashboard-widget-x\" data-id=\"120246\"></i><div class=\"embedded-preview embedded-webEndpoint\"><div class=\"embedded-preview-title\">Web Endpoint: upcoming-payments</div><div>View here: <a target=\"_blank\" href=\"../../cn/upcoming-payments\">upcoming-payments</a></div></div>","id":"120246","name":"upcoming-payments","type":"webEndpoint","generate":true,"x":6,"y":2},{"w":12,"content":"<i class=\"fas fa-xmark dashboard-widget-x\" data-id=\"endorsement\"></i><div class=\"embedded-preview embedded-table\"><div class=\"embedded-preview-title\">Table: endorsement</div><div>View here: <a target=\"_blank\" href=\"../../endorsement/all\">endorsement</a></div></div>","id":"endorsement","type":"table","generate":true,"x":0,"y":3},{"w":12,"content":"<i class=\"fas fa-xmark dashboard-widget-x\" data-id=\"claim\"></i><div class=\"embedded-preview embedded-table\"><div class=\"embedded-preview-title\">Table: claim</div><div>View here: <a target=\"_blank\" href=\"../../claim/all\">claim</a></div></div>","id":"claim","type":"table","generate":true,"x":0,"y":4},{"w":12,"content":"<i class=\"fas fa-xmark dashboard-widget-x\" data-id=\"property\"></i><div class=\"embedded-preview embedded-table\"><div class=\"embedded-preview-title\">Table: property</div><div>View here: <a target=\"_blank\" href=\"../../property/all\">property</a></div></div>","id":"property","type":"table","generate":true,"x":0,"y":5},{"w":12,"content":"<i class=\"fas fa-xmark dashboard-widget-x\" data-id=\"beneficiary\"></i><div class=\"embedded-preview embedded-table\"><div class=\"embedded-preview-title\">Table: beneficiary</div><div>View here: <a target=\"_blank\" href=\"../../beneficiary/all\">beneficiary</a></div></div>","id":"beneficiary","type":"table","generate":true,"x":0,"y":6}]